ID,WeeklySales
category_1_43738_w4,30
category_2_1006090_w1,28
category_2_1076929_w4,20
category_1_1081321_w3,6
category_2_216151_w4,17
category_3_1063600_w4,13
category_4_1082743_w3,51
category_4_23200_w1,38
category_1_1068883_w1,8
category_2_838456_w3,21
category_2_1090258_w2,32
category_1_1032559_w2,26
category_4_123307_w1,506
category_2_837943_w1,89
category_1_1067119_w2,28
category_1_1056463_w2,80
category_2_1101571_w2,40
category_2_1101769_w3,18
category_2_687616_w1,20
category_2_1071115_w4,6
category_2_1076929_w2,18
category_1_1081339_w1,8
category_2_87559_w2,35
category_3_1090024_w2,32
category_1_1044691_w4,23
category_2_65788_w3,0
category_1_1056463_w3,83
category_3_1081069_w3,16
category_3_1063600_w3,13
category_1_1044610_w2,14
category_1_42424_w1,58
category_2_1071115_w3,6
category_2_858886_w3,10
category_1_43738_w3,29
category_1_1067119_w4,28
category_1_119554_w2,216
category_2_267478_w4,0
category_2_65788_w1,0
category_1_1075651_w2,15
category_3_169504_w4,429
category_3_1060630_w1,20
category_1_1075651_w4,16
category_2_39436_w4,0
category_2_57058_w3,10
category_2_87046_w3,9
category_2_1090258_w1,32
category_2_87046_w4,9
category_2_906595_w3,13
category_2_687616_w4,22
category_4_753613_w1,85
category_2_9925_w3,15
category_1_1081321_w4,5
category_2_815101_w2,27
category_1_37510_w4,7
category_2_111436_w1,13
category_3_88450_w2,68
category_2_1070818_w1,7
category_2_32245_w3,53
category_3_37861_w1,186
category_2_1103056_w4,16
category_2_903976_w2,30
category_1_1047967_w1,109
category_1_1067119_w1,28
category_2_1105027_w2,12
category_2_903976_w4,31
category_2_57058_w1,10
category_1_1075651_w3,15
category_3_893824_w3,38
category_2_32245_w4,54
category_1_86992_w4,87
category_1_86992_w3,85
category_1_1068883_w2,8
category_2_999403_w3,33
category_2_111382_w1,8
category_4_1024810_w3,72
category_1_370195_w3,58
category_1_371104_w3,14
category_1_36898_w2,89
category_1_1054978_w2,47
category_3_1081060_w3,17
category_2_1101571_w3,41
category_1_1068883_w3,9
category_2_174436_w1,42
category_2_262384_w1,19
category_1_371104_w1,13
category_3_37861_w2,191
category_1_1032532_w2,150
category_2_65788_w2,0
category_2_1101769_w1,17
category_1_42424_w2,60
category_1_1044691_w2,22
category_2_1070818_w3,6
category_4_872260_w2,18
category_2_1103056_w2,16
category_2_1092184_w4,25
category_1_1044610_w3,14
category_4_731104_w2,13
category_2_815101_w1,27
category_2_1070818_w4,6
category_2_1101769_w4,19
category_1_1085749_w3,18
category_1_1056463_w1,78
category_1_42496_w4,51
category_2_41830_w3,19
category_1_145978_w3,46
category_1_1021264_w1,18
category_1_839374_w1,60
category_3_169504_w3,444
category_2_1006090_w4,31
category_1_1044610_w1,14
category_3_1063600_w1,12
category_4_1003192_w1,50
category_1_1021264_w2,19
category_1_1047967_w3,108
category_2_216151_w3,17
category_3_1081060_w1,23
category_2_1070818_w2,6
category_1_35530_w1,11
category_2_216151_w2,17
category_2_117610_w2,5
category_1_1077118_w4,37
category_1_1032559_w4,27
category_1_1049776_w3,36
category_3_132334_w1,27
category_2_41830_w1,18
category_2_111382_w2,8
category_2_1067074_w1,30
category_2_1101553_w4,6
category_2_39436_w3,0
category_2_225259_w3,14
category_1_1021264_w4,20
category_2_117610_w4,2
category_1_1077118_w2,33
category_2_687616_w3,22
category_2_1006099_w2,17
category_3_1081069_w4,16
category_1_1049776_w2,35
category_1_42496_w1,48
category_1_35530_w4,10
category_1_1077118_w1,32
category_2_815101_w4,26
category_3_1081078_w1,10
category_1_119554_w4,225
category_2_858886_w4,10
category_2_117610_w1,6
category_3_1090024_w1,31
category_1_1085749_w2,18
category_2_1101571_w4,43
category_2_174436_w4,38
category_2_65788_w4,0
category_1_1021264_w3,19
category_1_145330_w3,16
category_1_43738_w2,28
category_2_1105018_w4,12
category_1_37510_w3,7
category_2_1076929_w1,18
category_2_262384_w3,20
category_2_1092184_w1,24
category_1_145978_w4,46
category_4_23200_w3,34
category_2_43630_w1,36
category_4_123307_w4,514
category_2_858886_w1,10
category_1_145978_w2,45
category_2_87046_w2,9
category_4_1024810_w2,72
category_1_1061341_w3,13
category_1_37510_w2,7
category_1_1054978_w1,47
category_2_213802_w3,9
category_1_1032532_w1,146
category_3_893824_w1,39
category_2_1101553_w2,6
category_2_687616_w2,21
category_2_1101562_w1,11
category_1_1054978_w4,46
category_2_903976_w3,30
category_2_1006099_w4,18
category_1_42424_w3,62
category_1_37510_w1,7
category_1_145978_w1,44
category_2_1105027_w4,13
category_4_731104_w3,13
category_4_1003183_w4,30
category_1_370195_w1,56
category_1_38518_w4,22
category_4_1003183_w2,28
category_2_213802_w2,9
category_3_1081060_w2,20
category_2_57058_w2,10
category_1_1032568_w2,6
category_3_1081069_w2,16
category_1_42424_w4,64
category_1_42496_w3,50
category_3_88450_w3,66
category_2_1006099_w3,18
category_1_35530_w2,11
category_2_87559_w3,36
category_4_23200_w4,32
category_2_1101562_w3,11
category_2_1071115_w2,6
category_2_87046_w1,9
category_2_1101562_w2,11
category_2_1067074_w2,30
category_1_145330_w2,16
category_2_837943_w4,89
category_2_1101562_w4,11
category_1_839374_w3,63
category_1_370195_w4,58
category_3_16936_w3,66
category_1_839374_w4,65
category_2_117610_w3,3
category_2_39436_w1,0
category_2_1105027_w3,12
category_2_225259_w1,13
category_3_1081078_w2,10
category_1_1047967_w2,109
category_1_1061341_w1,17
category_2_999403_w2,32
category_1_839374_w2,61
category_1_1044691_w3,22
category_2_1092184_w3,25
category_1_36898_w3,91
category_1_145330_w4,16
category_1_1032568_w4,5
category_2_213802_w1,9
category_2_838456_w4,22
category_1_1085749_w1,17
category_3_1081069_w1,16
category_4_872260_w1,18
category_1_1067119_w3,28
category_1_370195_w2,57
category_2_267478_w1,2
category_2_267478_w2,1
category_4_1024810_w4,73
category_3_1060630_w3,17
category_3_1060630_w2,18
category_1_42496_w2,49
category_4_1003192_w4,57
category_3_1063600_w2,12
category_2_130993_w3,17
category_3_88450_w4,63
category_2_111436_w3,14
category_1_1081321_w1,8
category_2_1101553_w3,6
category_4_731104_w1,14
category_1_1068883_w4,9
category_3_1060630_w4,15
category_4_1003183_w3,29
category_1_119554_w3,221
category_3_1090024_w3,33
category_2_1105018_w1,11
category_1_35530_w3,10
category_2_1105018_w3,12
category_4_1003192_w2,53
category_3_1090024_w4,34
category_2_906595_w2,13
category_3_132334_w4,28
category_2_999403_w4,35
category_2_41830_w2,19
category_2_174436_w2,41
category_1_1044691_w1,22
category_1_1067128_w3,11
category_1_1061341_w2,15
category_2_130993_w4,17
category_2_837943_w3,89
category_2_87559_w1,34
category_1_1067128_w4,11
category_2_9925_w2,15
category_3_132334_w2,27
category_1_36898_w1,88
category_1_1032532_w4,158
category_2_39436_w2,0
category_2_903976_w1,29
category_1_36898_w4,92
category_1_1081321_w2,7
category_1_1032568_w1,6
category_1_35449_w1,23
category_1_1075651_w1,14
category_2_267478_w3,0
category_1_1047967_w4,108
category_1_371104_w2,13
category_1_1032559_w1,25
category_1_1054978_w3,46
category_3_169504_w1,473
category_2_1006099_w1,16
category_1_1032532_w3,154
category_3_893824_w2,39
category_4_123307_w3,511
category_2_130993_w2,17
category_1_1067128_w2,11
category_2_1006090_w3,30
category_2_1103056_w3,16
category_2_213802_w4,9
category_2_1067074_w3,29
category_2_41830_w4,19
category_3_132334_w3,28
category_2_1101769_w2,18
category_2_111436_w4,14
category_2_225259_w4,14
category_2_1067074_w4,29
category_2_1090258_w3,33
category_2_216151_w1,17
category_1_1032559_w3,27
category_2_43630_w2,36
category_2_837943_w2,89
category_3_16936_w4,67
category_3_37861_w3,195
category_1_1081339_w3,7
category_1_371104_w4,14
category_2_174436_w3,39
category_2_130993_w1,17
category_3_16936_w2,64
category_3_169504_w2,458
category_1_1049776_w1,34
category_4_1024810_w1,71
category_1_1061341_w4,11
category_1_1085749_w4,19
category_1_38518_w1,21
category_3_1081060_w4,14
category_1_145330_w1,15
category_2_111382_w3,7
category_4_123307_w2,508
category_2_1092184_w2,24
category_4_753613_w3,94
category_3_37861_w4,200
category_2_1105027_w1,12
category_4_1003183_w1,27
category_1_1081339_w4,7
category_2_111382_w4,7
category_1_119554_w1,211
category_1_86992_w2,82
category_2_225259_w2,13
category_2_43630_w4,38
category_1_1032568_w3,6
category_1_43738_w1,27
category_2_838456_w1,20
category_2_1076929_w3,19
category_1_1081339_w2,8
category_2_262384_w4,20
category_2_1103056_w1,16
category_2_858886_w2,10
category_2_999403_w1,30
category_2_9925_w1,15
category_4_1082743_w4,54
category_2_815101_w3,26
category_2_43630_w3,37
category_3_893824_w4,38
category_2_9925_w4,16
category_2_1105018_w2,11
category_3_1081078_w3,10
category_1_1056463_w4,86
category_2_906595_w4,13
category_4_753613_w2,89
category_3_1081078_w4,9
category_2_838456_w2,21
category_4_1003192_w3,55
category_1_1044610_w4,15
category_2_262384_w2,19
category_1_38518_w2,21
category_3_16936_w1,63
category_2_111436_w2,14
category_1_86992_w1,80
category_2_1071115_w1,7
category_2_87559_w4,37
category_2_57058_w4,10
category_1_38518_w3,22
category_3_88450_w1,71
category_1_1067128_w1,11
category_1_1049776_w4,37
category_1_1077118_w3,35
category_2_32245_w2,52
category_2_1101571_w1,38
category_2_1090258_w4,34
category_2_906595_w1,13
category_2_32245_w1,51
category_2_1006090_w2,29
